[
    {
        "Sl": 1,
        "NameDistrict": "Bagerhat ",
        "NameTeacher": "Anowarul Kadir ",
        "Designation": "Assistant Teacher ( English)",
        "NameOfInstitute": "Foylahat Kamal Uddin Secondary School ",
        "PdsNo": 100391946,
        "MpoIndex": 1031066,
        "MobileNo": "01712686816",
        "EmailId": "Shohagfoyla@Gmail.Com"
    },
    {
        "Sl": 2,
        "NameDistrict": "Bandarban ",
        "NameTeacher": "Abdul Safur",
        "Designation": "Assistant Teacher",
        "NameOfInstitute": "Balaghata Bilkis Begum High School ",
        "PdsNo": 100406815,
        "MpoIndex": 1425401,
        "MobileNo": "01739345878",
        "EmailId": "Asafurbandarban@Gmail.Com"
    },
    {
        "Sl": 3,
        "NameDistrict": "Barguna ",
        "NameTeacher": "Md.Zahidul Islam ",
        "Designation": "Assistant Teacher Ict ",
        "NameOfInstitute": "Purba Kewabunia Akbaria Dakhil Madrasah ",
        "PdsNo": 2017693,
        "MpoIndex": 2017693,
        "MobileNo": "01718165920",
        "EmailId": "Zahidulislam7994@Gmail.Com"
    },
    {
        "Sl": 4,
        "NameDistrict": "Barishal",
        "NameTeacher": "Mohammad Shakhawat Hossain ",
        "Designation": "Assistant Teacher",
        "NameOfInstitute": "A. R. S Secondary Girls School ",
        "PdsNo": 100405030,
        "MpoIndex": 1040408,
        "MobileNo": "01757585992",
        "EmailId": "Ohi.Hossain@Gmail.Com"
    },
    {
        "Sl": 5,
        "NameDistrict": "Bhola",
        "NameTeacher": "Taslima Begum ",
        "Designation": "Assistant Head Teacher",
        "NameOfInstitute": "Charfasson Govt T Barret Model Secondary School ",
        "PdsNo": 100295161,
        "MpoIndex": 752786,
        "MobileNo": "01734056847",
        "EmailId": "Taslimabegum43@Gmail.Com"
    },
    {
        "Sl": 6,
        "NameDistrict": "Bogura",
        "NameTeacher": "মো: জুলফিকার আলী",
        "Designation": "সহকারি শিক্ষক ( আইসিটি)",
        "NameOfInstitute": "চন্দ্রদীঘি আলিম মাদ্রাসা",
        "PdsNo": 691409,
        "MpoIndex": "R691409",
        "MobileNo": "01833794124",
        "EmailId": "Julfikerali11@Gmail.Com"
    },
    {
        "Sl": 7,
        "NameDistrict": "Brahmanbaria ",
        "NameTeacher": "Mohammad Imtiaj Mahmud Beg ",
        "Designation": "Asst. Head Teacher ",
        "NameOfInstitute": "Salimganj Girls' High ",
        "PdsNo": 100408472,
        "MpoIndex": 1043036,
        "MobileNo": "01601936561",
        "EmailId": "Mdimtiajmahmud@Gmail.Com"
    },
    {
        "Sl": 8,
        "NameDistrict": "Chadpur",
        "NameTeacher": "Mohammmad Sowkot Hossain",
        "Designation": "Assistant Teacher",
        "NameOfInstitute": "Hamankorddi Palli Mangal High School",
        "PdsNo": 100536474,
        "MpoIndex": 1139289,
        "MobileNo": "01913634550",
        "EmailId": "Sowkothossain@Gmail.Com"
    },
    {
        "Sl": 9,
        "NameDistrict": "Chattogram",
        "NameTeacher": "Mohammad Abdul Mannan",
        "Designation": "Senior Teacher",
        "NameOfInstitute": "Hazi Abdul Ali City Corporation High School",
        "PdsNo": 101301600,
        "MpoIndex": "N56800843",
        "MobileNo": "01818127133",
        "EmailId": "Mannancoxs81@Gmail.Com"
    },
    {
        "Sl": 10,
        "NameDistrict": "Chuadanga",
        "NameTeacher": "Md. Nur Kutubul Alam ",
        "Designation": "Senior Teacher (Digital Technology) ",
        "NameOfInstitute": "Shaplakoli Adarsha Secondary School ",
        "PdsNo": 100366004,
        "MpoIndex": 1014060,
        "MobileNo": "01716104202",
        "EmailId": "Arenacomputer1@Gmail.Com"
    },
    {
        "Sl": 11,
        "NameDistrict": "Cox'Sbazar",
        "NameTeacher": "A.N.M Main Uddin",
        "Designation": "Senior Teacher",
        "NameOfInstitute": "Md. Elias Mia Chy High School",
        "PdsNo": 100370744,
        "MpoIndex": 1013416,
        "MobileNo": "01973276887",
        "EmailId": "Mdsony2011@Gmail.Com"
    },
    {
        "Sl": 12,
        "NameDistrict": "Cumilla",
        "NameTeacher": "Md. Aminul Islam ",
        "Designation": "Assistant Teacher (Ict)",
        "NameOfInstitute": "Homna Adarsha High School",
        "PdsNo": 100515648,
        "MobileNo": "01647373757",
        "EmailId": "Aminulictteacher@Gmail.Com"
    },
    {
        "Sl": 13,
        "NameDistrict": "Dhaka",
        "NameTeacher": "Israt Jahan",
        "Designation": "Senior Teacher",
        "NameOfInstitute": "Banglabazar Govt. Girls' High School",
        "PdsNo": 2016709992,
        "MobileNo": "01716158247",
        "EmailId": "Isratmimmu1974@Gmail.Com"
    },
    {
        "Sl": 14,
        "NameDistrict": "Dinajpur",
        "NameTeacher": "Md. Farikul Islam",
        "Designation": "Senior Teacher",
        "NameOfInstitute": "Kaligonj High School",
        "MobileNo": "01728866484",
        "EmailId": "Kaligonjhighschool@Gmail.Com"
    },
    {
        "Sl": 15,
        "NameDistrict": "Faridpur",
        "NameTeacher": "Md. Shahin Mia",
        "Designation": "Assistant Teacher",
        "NameOfInstitute": "Ishan Institution",
        "PdsNo": 100509013,
        "MpoIndex": 1123545,
        "MobileNo": "01721001255",
        "EmailId": "Shahinkanz26@Gmail.Com"
    },
    {
        "Sl": 16,
        "NameDistrict": "Feni",
        "NameTeacher": "Md. Mohoshin Alom",
        "Designation": "Assistant Teacher (Mathematics)",
        "NameOfInstitute": "Bagerhat High School",
        "PdsNo": 100470511,
        "MpoIndex": "N1078629",
        "MobileNo": "01717881084",
        "EmailId": "Mohoshinalom@Gmail.Com"
    },
    {
        "Sl": 17,
        "NameDistrict": "Gaibandha",
        "NameTeacher": "Md. Mizanur Rahman",
        "Designation": "Assistant Teacher",
        "NameOfInstitute": "Gaibanda Govt. Boys High School",
        "MobileNo": "01717016140",
        "EmailId": "Asrumijan@Gmail.Com"
    },
    {
        "Sl": 18,
        "NameDistrict": "Gazipur ",
        "NameTeacher": "Rezia Parveen ",
        "Designation": "Assistant Teacher ",
        "NameOfInstitute": "Kapasia Govt. Pilot High School ",
        "PdsNo": 2018715298,
        "MobileNo": "01721996637",
        "EmailId": "Reziaparveen@Gmail.Com"
    },
    {
        "Sl": 19,
        "NameDistrict": "Gopalganj ",
        "NameTeacher": "Khan Imamul Islam ",
        "Designation": "Assistant Teacher",
        "NameOfInstitute": "Gohala Tcal High School ",
        "PdsNo": 100499140,
        "MpoIndex": "N1117192",
        "MobileNo": "01711222934",
        "EmailId": "Khanimamulislam@Gmail.Com"
    },
    {
        "Sl": 20,
        "NameDistrict": "Habigonj",
        "NameTeacher": "Pangkaj Kanti Gope ",
        "Designation": "Assistant Teacher ",
        "NameOfInstitute": "Putijuri Sarath Chandra High School ",
        "PdsNo": 100465569,
        "MpoIndex": 1075217,
        "MobileNo": "01711910016",
        "EmailId": "Titubahubal79@Gmail.Com"
    },
    {
        "Sl": 21,
        "NameDistrict": "Jamalpur ",
        "NameTeacher": "Md. Kawsar Ali Hawlader ",
        "Designation": "Asst. Professor ",
        "NameOfInstitute": "United Public School And College, Jamalpur",
        "MobileNo": "01712725461",
        "EmailId": "Aayat6666@Gmail.Com"
    },
    {
        "Sl": 22,
        "NameDistrict": "Jashore",
        "NameTeacher": "Md. Monzur Morshed",
        "Designation": "Assistant Teacher (Agriculture)",
        "NameOfInstitute": "Halsha Adarsha Mohila Dakhil Madrasah",
        "PdsNo": "K2019140",
        "MpoIndex": "K2019140",
        "MobileNo": "01936011102",
        "EmailId": "Cworld.Payel@Gmail.Com"
    },
    {
        "Sl": 23,
        "NameDistrict": "Jhalokathi",
        "NameTeacher": "Md. Rashel Khan ",
        "Designation": "Asst Head Teacher",
        "NameOfInstitute": "Tetulbaria Islamia Secondary School",
        "PdsNo": 100445368,
        "MpoIndex": "N1063677",
        "MobileNo": "01709902366",
        "EmailId": "Raselbdkhan1983@Gmail.Com"
    },
    {
        "Sl": 24,
        "NameDistrict": "Jhenaidah ",
        "NameTeacher": "Md. Asaduzzaman ",
        "Designation": "Assistant Teacher ",
        "NameOfInstitute": "Kanyadah Monir Uddin Biswas Secondary School ",
        "PdsNo": 101282626,
        "MpoIndex": 56809092,
        "MobileNo": "01716107577",
        "EmailId": "Mmithu32@Gmail.Com"
    },
    {
        "Sl": 25,
        "NameDistrict": "Joypurhat",
        "NameTeacher": "মো: সাইফুল ইসলাম",
        "Designation": "সহকারী শিক্ষক",
        "NameOfInstitute": "সোনামুখী উচ্চ বিদ্যালয়",
        "MpoIndex": 1040482,
        "MobileNo": "01916316160",
        "EmailId": "Saifulpcakkelpur@Gmail.Com"
    },
    {
        "Sl": 26,
        "NameDistrict": "Khagrachari ",
        "NameTeacher": "Md. Saiful Islam ",
        "Designation": "Senior Teacher",
        "NameOfInstitute": "Natun Kuri Cantonment High School ",
        "PdsNo": 100463187,
        "MpoIndex": 1073149,
        "MobileNo": "01556771555",
        "EmailId": "Saifulteacher77@Gmail.Com"
    },
    {
        "Sl": 27,
        "NameDistrict": "Khulna ",
        "NameTeacher": "Soumittro Biswas ",
        "Designation": "Computer Demonstrator ",
        "NameOfInstitute": "Dumuria Ngc And Nck Secondary School ",
        "MpoIndex": 15150229,
        "MobileNo": "01717006910",
        "EmailId": "Soumittro@Gmail.Com"
    },
    {
        "Sl": 28,
        "NameDistrict": "Kishoreganj ",
        "NameTeacher": "Nazmul Haque ",
        "Designation": "Assistant Maulovi",
        "NameOfInstitute": "Asutia Samadia Dhakil Madrasah ",
        "MpoIndex": "N2115100 ",
        "MobileNo": "01751626679",
        "EmailId": "Nazmulict5@Gmail.Com"
    },
    {
        "Sl": 29,
        "NameDistrict": "Kurigram",
        "NameTeacher": "Md.Mukul Mia",
        "Designation": "Assistant Teacher",
        "NameOfInstitute": "M.A Satter Adarsha High School,Kurigram Sadar,Kurigram",
        "PdsNo": 100432414,
        "MpoIndex": 1057786,
        "MobileNo": "01717171741",
        "EmailId": "Mukulict30@Gmail.Com"
    },
    {
        "Sl": 30,
        "NameDistrict": "Kushtia",
        "NameTeacher": "Md. Rasheduzzaman Rasel",
        "Designation": "Ict Teacher",
        "NameOfInstitute": "Jogonnathpur Secondary School ",
        "PdsNo": 100123725,
        "MpoIndex": 518213,
        "MobileNo": "01719478426",
        "EmailId": "Rashedduzzaman@Gmail.Com"
    },
    {
        "Sl": 31,
        "NameDistrict": "Lakshmipur ",
        "NameTeacher": "Masum Billa ",
        "Designation": "Assistant Teacher ",
        "NameOfInstitute": "Charchamita Begun Wazifa High School ",
        "PdsNo": 100460545,
        "MpoIndex": 1071165,
        "MobileNo": "01717296128",
        "EmailId": "M01717296128@Gmail.Com"
    },
    {
        "Sl": 32,
        "NameDistrict": "Lalmonirhat",
        "NameTeacher": "Jotish Chandra Roy",
        "Designation": "Senior Teacher",
        "NameOfInstitute": "Taluk Shakhati High School",
        "MobileNo": "01719068960",
        "EmailId": "Jotishroy75@Gmail.Com"
    },
    {
        "Sl": 33,
        "NameDistrict": "Madaripur ",
        "NameTeacher": "Md. Saifur Rahman ",
        "Designation": "Assistant Teacher (Science) ",
        "NameOfInstitute": "Kabirajpur Shihab Secondary  School  ",
        "PdsNo": 100469760,
        "MpoIndex": "N1077746",
        "MobileNo": "01712783910",
        "EmailId": "Saifurrajoir@Gmail.Com"
    },
    {
        "Sl": 34,
        "NameDistrict": "Magura",
        "NameTeacher": "Nargis Parveen ",
        "Designation": "Assistant Teacher ",
        "NameOfInstitute": "Jagadal Sammiloni Secondary School, Magura Sadar,Magura",
        "MpoIndex": 1050817,
        "MobileNo": "01728295889",
        "EmailId": "Nargggis@Gmail. Com"
    },
    {
        "Sl": 35,
        "NameDistrict": "Manikganj",
        "NameTeacher": "Md. Matiur Rahman",
        "Designation": "Assistant Teacher",
        "NameOfInstitute": "Khabashpur Labanya Prova High School",
        "PdsNo": 100483959,
        "MpoIndex": 1107415,
        "MobileNo": "01713524370",
        "EmailId": "Nimatinsheikh@Gmail.Com"
    },
    {
        "Sl": 36,
        "NameDistrict": "Meherpur",
        "NameTeacher": "Mst. Tania Akter",
        "Designation": "Assistant Teacher",
        "NameOfInstitute": "ADARSHAW HIGH SCHOOL",
        "PdsNo": 100537401,
        "MpoIndex": "N1140217",
        "MobileNo": "01721562161",
        "EmailId": "atania851@gmail.com"
    },
    {
        "Sl": 37,
        "NameDistrict": "Moulvibazar ",
        "NameTeacher": "Salah Uddin Aziz ",
        "Designation": "Assistant Head Teacher",
        "NameOfInstitute": "Uttar Kulaura High School ",
        "PdsNo": 100176281,
        "MpoIndex": 134777,
        "MobileNo": "01711476895",
        "EmailId": "Aziz.Salahuddin@Gmail.Com"
    },
    {
        "Sl": 38,
        "NameDistrict": "Munshiganj",
        "NameTeacher": "Md. Faruque Mia",
        "Designation": "Assistant Headteacher",
        "NameOfInstitute": "Tengarchar Razia Quader Adarsha high school",
        "MpoIndex": 1071774,
        "MobileNo": "01675490005",
        "EmailId": "mathematics1262@gmail.com"
    },
    {
        "Sl": 39,
        "NameDistrict": "Mymensingh",
        "NameTeacher": "Md. Khurshid Alam Talukder ",
        "Designation": "Senior Teacher ",
        "NameOfInstitute": "Mymensingh Zilla School ",
        "PdsNo": 2016700158,
        "MobileNo": "01720682500",
        "EmailId": "Katmzs1968@Gmail.Com"
    },
    {
        "Sl": 40,
        "NameDistrict": "Naogaon",
        "NameTeacher": "মোঃ আব্দুল হান্নান",
        "Designation": "প্রভাষক",
        "NameOfInstitute": "কালিকাপুর আলিম মাদ্রাসা",
        "PdsNo": "প্রযোজ্য নয়",
        "MpoIndex": 2020280,
        "MobileNo": "01728460001",
        "EmailId": "Hannanraj3@Gmail.Com"
    },
    {
        "Sl": 41,
        "NameDistrict": "Narail",
        "NameTeacher": "Proshanta Kumar Saha",
        "Designation": "Assistant Teacher",
        "NameOfInstitute": "Mohajan Ghoshibaria Secondary School",
        "PdsNo": 100442572,
        "MpoIndex": 1063549,
        "MobileNo": "01730192742",
        "EmailId": "Pksmgs2011@Gmail.Com"
    },
    {
        "Sl": 42,
        "NameDistrict": "Narayanganj ",
        "NameTeacher": "Mohammad Mizanur Rahman",
        "Designation": "Senior Teacher",
        "NameOfInstitute": "Pagla High School",
        "MobileNo": "01678713808",
        "EmailId": "Mizan2299@Yahoo.Com"
    },
    {
        "Sl": 43,
        "NameDistrict": "Narsingdi",
        "NameTeacher": "Mohammed Wali Khan",
        "Designation": "Senior Teacher",
        "NameOfInstitute": "Kazair A.U. Islamia Dakhil Madrasa (112749)",
        "MpoIndex": "D643852",
        "MobileNo": "01710256184",
        "EmailId": "Walikhan35@Gmail.Com"
    },
    {
        "Sl": 44,
        "NameDistrict": "Natore",
        "NameTeacher": "Md. Liakat Ali",
        "Designation": "Senior Teacher",
        "NameOfInstitute": "Madhabpur High School",
        "PdsNo": 100137366,
        "MpoIndex": "R546158",
        "MobileNo": "01783070308",
        "EmailId": "litonpatul@gmail.com"
    },
    {
        "Sl": 45,
        "NameDistrict": "Chapai Nawabganj",
        "NameTeacher": "Md. Mazidul Islam",
        "Designation": "Assistant Teacher",
        "NameOfInstitute": "Nachole Upazila School",
        "PdsNo": 101553324,
        "MobileNo": "01737272308",
        "EmailId": "mazid.islam83@gmail.com"
    },
    {
        "Sl": 46,
        "NameDistrict": "Netrakona",
        "NameTeacher": "Md. Anwar Uddin",
        "Designation": "Assistant Teacher",
        "NameOfInstitute": "Sandikona School And College",
        "PdsNo": 100419757,
        "MpoIndex": 1048934,
        "MobileNo": "01711129709",
        "EmailId": "Auddin666@Gmail.Com"
    },
    {
        "Sl": 47,
        "NameDistrict": "Nilphamari",
        "NameTeacher": "Narayon Chandra Roy",
        "Designation": "Assistant Teacher",
        "NameOfInstitute": "Rana Chandi High School And College",
        "MobileNo": "01722678553",
        "EmailId": "Narayon2710@Gmail.Com"
    },
    {
        "Sl": 48,
        "NameDistrict": "Noakhali",
        "NameTeacher": "Tutul Chandra Majumdar ",
        "Designation": "Assistant Teacher",
        "NameOfInstitute": "Shamsunnahar High School ",
        "PdsNo": 100473883,
        "MpoIndex": 1079228,
        "MobileNo": "0185325323",
        "EmailId": "Majumdar22Lc@Gmail.Com"
    },
    {
        "Sl": 49,
        "NameDistrict": "Pabna",
        "NameTeacher": "Md. Mahmudul Haque ",
        "Designation": "Assistant Head Teacher ",
        "NameOfInstitute": "Pabna Collectorate Public School And College ",
        "PdsNo": 101473251,
        "MobileNo": "01710797868",
        "EmailId": " Mhadofhph@Gmail "
    },
    {
        "Sl": 50,
        "NameDistrict": "Panchagarh ",
        "NameTeacher": "Kailash Chandra Roy",
        "Designation": "Assistant Teacher ",
        "NameOfInstitute": "Debiduba Girls High School ",
        "PdsNo": 100068131,
        "MpoIndex": 557137,
        "MobileNo": "01723209721",
        "EmailId": "Kailashroy03@Gmail.Com"
    },
    {
        "Sl": 51,
        "NameDistrict": "Patuakhali ",
        "NameTeacher": "Md Sayful Islam ",
        "Designation": "Assistant Teacher ",
        "NameOfInstitute": "Khepupara Girls Secondary School. ",
        "PdsNo": 100469556,
        "MpoIndex": 1077379,
        "MobileNo": "01712414079",
        "EmailId": "Sayful8921@Gmail.Com"
    },
    {
        "Sl": 52,
        "NameDistrict": "Pirojpur",
        "NameTeacher": "Md. Parvej Talukder",
        "Designation": "Assistant Teacher Ict",
        "NameOfInstitute": "Mirukhali School & College",
        "MpoIndex": 1064384,
        "MobileNo": "01740583292",
        "EmailId": "Talukderystyle2@Gmail.Com"
    },
    {
        "Sl": 53,
        "NameDistrict": "Rajbari ",
        "NameTeacher": "Alok Chandra Das",
        "Designation": "Assistant Teacher ",
        "NameOfInstitute": "SULTANPUR HIGH SCHOOL",
        "MobileNo": "01711289908",
        "EmailId": "alokerajj@gmail.com"
    },
    {
        "Sl": 54,
        "NameDistrict": "Rajshahi",
        "NameTeacher": "আহমাদ হোসাইন",
        "Designation": "সিনিয়র শিক্ষক",
        "NameOfInstitute": "গভঃ ল্যাবরেটরী হাইস্কুল রাজশাহী",
        "PdsNo": 2016701905,
        "MpoIndex": "N\/A",
        "MobileNo": "01718062020",
        "EmailId": "Banglasir7@Gmail.Com"
    },
    {
        "Sl": 55,
        "NameDistrict": "Rangamati ",
        "NameTeacher": "Md.Sultan Ahmed ",
        "Designation": "Assistant Teacher",
        "NameOfInstitute": "Karalya Chari Rashid Sarkar High School ",
        "PdsNo": 100503525,
        "MpoIndex": 1120212,
        "MobileNo": "01827185395",
        "EmailId": "Sultan30031982@Gmail. Com"
    },
    {
        "Sl": 56,
        "NameDistrict": "Rangpur",
        "NameTeacher": "Md. Khalilur Rahman",
        "Designation": "Senior Teacher (ICT)",
        "NameOfInstitute": "Chandipur Model High School",
        "PdsNo": 100392357,
        "MpoIndex": 1031963,
        "MobileNo": "01717590967",
        "EmailId": "Khalil01717590967@Gmail.Com "
    },
    {
        "Sl": 57,
        "NameDistrict": "Satkhira ",
        "NameTeacher": "Md. Alamin",
        "Designation": "Assistant Teacher",
        "NameOfInstitute": "Satkhira A Karim Girls High School",
        "PdsNo": 100512535,
        "MpoIndex": 1125921,
        "MobileNo": "01733163895",
        "EmailId": "alaminakarimschool@Gmail.Com"
    },
    {
        "Sl": 58,
        "NameDistrict": "Shariatpur ",
        "NameTeacher": "Md. Jahangir Alam",
        "Designation": "Assistant Teacher",
        "NameOfInstitute": "Kartikpur High School",
        "MobileNo": "01989957364",
        "EmailId": "Jahangiralamdiu189@Gmail.Com"
    },
    {
        "Sl": 59,
        "NameDistrict": "Sherpur",
        "NameTeacher": "Edadul Haque",
        "Designation": "Assistant Head Teacher",
        "NameOfInstitute": "BATHUAR KANDA ADERSHA JUNIOR SECONDARY SCHOOL",
        "MobileNo": 1712896905,
        "EmailId": "emdadshanon@gmail.com"
    },
    {
        "Sl": 60,
        "NameDistrict": "Sirajganj",
        "NameTeacher": "মোহাম্মদ আমিনুল করিম ",
        "Designation": "সহকারী অধ্যাপক ",
        "NameOfInstitute": "কামারখন্দ ফাযিল স্নাতক মাদরাসা ",
        "PdsNo": 100427026,
        "MpoIndex": 2030018,
        "MobileNo": "01737230904",
        "EmailId": "J.Makarim@Gmail.Com"
    },
    {
        "Sl": 61,
        "NameDistrict": "Sunamganj",
        "NameTeacher": "Mohammad Kamal Uddin",
        "Designation": "Headmaster",
        "NameOfInstitute": "Chhatak Union Sesdp Model High School",
        "PdsNo": 100193712,
        "MpoIndex": "S269066",
        "MobileNo": "01740919202",
        "EmailId": "Visionk2021@Gmail.Com"
    },
    {
        "Sl": 62,
        "NameDistrict": "Sylhet ",
        "NameTeacher": "Abdul Malik ",
        "Designation": "Head Teacher ",
        "NameOfInstitute": "Syed Kutub Jalal Model High School ",
        "PdsNo": 100196745,
        "MpoIndex": 262538,
        "MobileNo": "01712961892",
        "EmailId": "Abdulmalik31869@Gmail.Com"
    },
    {
        "Sl": 63,
        "NameDistrict": "Tangail",
        "NameTeacher": "Shahanara Akter Happy ",
        "Designation": "Senior Assistant Teacher",
        "NameOfInstitute": "Kaliapara Dakatia Mazeda Mazid High School ",
        "PdsNo": 100240625,
        "MpoIndex": 485255,
        "MobileNo": "01746239237",
        "EmailId": "Shahanara.Happy@Gmail.Com"
    },
    {
        "Sl": 64,
        "NameDistrict": "Thakurgaon",
        "NameTeacher": "Md. Jinnah",
        "Designation": "Assistant Teacher",
        "NameOfInstitute": "Purbo Arazi Chandipur High School",
        "MobileNo": "01714569650",
        "EmailId": "Jinnah.Thakurgaon@Gmail.Com"
    },
    {
        "Sl": 65,
        "NameDistrict": "Khulna",
        "NameTeacher": "Avijit Kumar Mondal",
        "Designation": "Assistant Teacher",
        "NameOfInstitute": "Bangabashi Secondary School",
        "PdsNo": 100519821,
        "MpoIndex": 1129020,
        "MobileNo": "01766994241",
        "EmailId": "avijit09011988@gmail.com "
    }
]